{
  "Unit ID": {
    "type": "enum",
    "count": 268
  },
  "Call Type": {
    "type": "enum",
    "count": 28
  },
  "Call Date": {
    "type": "integer",
    "optional": false,
    "min": 1451635200,
    "max": 1483257600
  },
  "Watch Date": {
    "type": "integer",
    "optional": false,
    "min": 1451548800,
    "max": 1483257600
  },
  "Received DtTm": {
    "type": "integer",
    "optional": false,
    "min": 1451635243,
    "max": 1483343989
  },
  "Entry DtTm": {
    "type": "integer",
    "optional": false,
    "min": 1451635362,
    "max": 1483344143
  },
  "Dispatch DtTm": {
    "type": "integer",
    "optional": false,
    "min": 1451635406,
    "max": 1483344191
  },
  "Response DtTm": {
    "type": "integer",
    "optional": true,
    "min": 1451635522,
    "max": 1483344283
  },
  "On Scene DtTm": {
    "type": "integer",
    "optional": true,
    "min": 1451635685,
    "max": 1483344390
  },
  "Transport DtTm": {
    "type": "integer",
    "optional": true,
    "min": 1451636548,
    "max": 1483345291
  },
  "Hospital DtTm": {
    "type": "integer",
    "optional": true,
    "min": 1451637363,
    "max": 1483347138
  },
  "Call Final Disposition": {
    "type": "enum",
    "count": 15
  },
  "Available DtTm": {
    "type": "integer",
    "optional": true,
    "min": 1451635653,
    "max": 1483349217
  },
  "Address": {
    "type": "enum",
    "count": 17704
  },
  "City": {
    "type": "enum",
    "count": 9
  },
  "Zipcode of Incident": {
    "type": "enum",
    "count": 28
  },
  "Battalion": {
    "type": "enum",
    "count": 11
  },
  "Station Area": {
    "type": "enum",
    "count": 46
  },
  "Box": {
    "type": "enum",
    "count": 2089
  },
  "Original Priority": {
    "type": "enum",
    "count": 8
  },
  "Priority": {
    "type": "enum",
    "count": 8
  },
  "Final Priority": {
    "type": "enum",
    "count": 2
  },
  "ALS Unit": {
    "type": "enum",
    "count": 2
  },
  "Call Type Group": {
    "type": "enum",
    "count": 5
  },
  "Number of Alarms": {
    "type": "integer",
    "optional": false,
    "min": 1,
    "max": 5
  },
  "Unit Type": {
    "type": "enum",
    "count": 10
  },
  "Unit sequence in call dispatch": {
    "type": "integer",
    "optional": false,
    "min": 1,
    "max": 83
  },
  "Fire Prevention District": {
    "type": "enum",
    "count": 11
  },
  "Supervisor District": {
    "type": "enum",
    "count": 12
  },
  "Neighborhooods - Analysis Boundaries": {
    "type": "enum",
    "count": 42
  },
  "Location - Lat": {
    "min": 37.6168823239251,
    "max": 37.8544643401172,
    "type": "float",
    "optional": false
  },
  "Location - Lng": {
    "min": -122.513648358854,
    "max": -122.332574620522,
    "type": "float",
    "optional": false
  }
}